424123148,-712987787,51310
424120674,-712977146,51310
424118296,-712977643,45863
424117941,-712977357,51682
424117692,-712977023,43319
424117456,-712976705,41755
424117327,-712976582,39507
424117290,-712976489,37821
424117292,-712976451,37598
424117340,-712976383,37698
424117478,-712976311,37520
424117591,-712976261,37678
424117661,-712976227,37437
424117768,-712976224,36058
424117805,-712976163,35875
424117831,-712976024,35848
424117760,-712975836,35292
424117830,-712975738,35594
424117841,-712975626,34885
424117923,-712975534,34347
424117921,-712975445,34297
424117969,-712975330,35045
424118068,-712975222,34871
424118001,-712975075,33791
424117973,-712974937,33818
424117938,-712974853,33677
424117877,-712974726,32314
424117889,-712974555,32274
424117926,-712974448,32249
424117893,-712974333,32623
424117859,-712974019,33520
424117867,-712973957,33535
424117895,-712973871,34144
424117864,-712973710,33836
424117847,-712973513,34068
424117887,-712973460,32690
424117897,-712973367,33421
424117875,-712973239,33921
424117850,-712973112,33783
424117866,-712973056,33455
424117816,-712972897,33203
424117794,-712972753,32733
424117813,-712972644,32038
424117839,-712972508,32541
424117900,-712972405,33252
424117927,-712972260,32950
424117953,-712972139,32798
424117997,-712972026,32994
424118024,-712971904,33126
424118077,-712971719,33614
424118060,-712971644,33090
424118102,-712971569,33451
424118107,-712971406,33604
424118169,-712971297,33889
424118216,-712971198,34467
424118269,-712971100,35086
424118341,-712970986,35658
424118376,-712970889,35469
424118375,-712970757,36009
424118414,-712970639,36279
424118594,-712970475,36033
424118620,-712970409,36115
424118608,-712970282,35422
424118663,-712970140,35978
424118706,-712970056,35990
424118740,-712969934,36056
424118790,-712969831,36488
424118818,-712969672,36348
424118825,-712969483,36055
424118841,-712969332,36206
424118807,-712969215,36076
424118804,-712969035,36854
424118840,-712968851,36692
424118850,-712968694,37095
424118847,-712968581,37190
424118871,-712968413,37835
424118936,-712968268,36893
424119007,-712968115,36607
424119021,-712967951,36365
424119044,-712967820,36530
424119069,-712967647,35965
424119111,-712967493,36101
424119131,-712967429,35986
424119165,-712967339,35475
424119225,-712967274,36318
424119229,-712967241,36119
424119258,-712967204,35362
424119280,-712967142,34915
424119324,-712967079,34893
424119364,-712967003,34992
424119403,-712966810,35306
424119442,-712966634,34513
424119498,-712966500,34248
424119543,-712966411,33838
424119597,-712966314,35123
424119639,-712966153,34826
424119702,-712965938,35568
424119683,-712965793,35389
424119721,-712965719,36362
424119776,-712965624,36031
424119860,-712965415,35722
424119935,-712965267,35819
424120011,-712965195,36319
424120055,-712965078,37497
424120076,-712964879,37670
424120059,-712964675,37303
424120080,-712964518,37494
424120113,-712964386,37931
424120121,-712964255,37983
424120157,-712964069,37737
424120222,-712963914,38041
424120223,-712963785,37550
424120218,-712963603,36733
424120174,-712963400,39232
424120230,-712963195,39444
424120300,-712963022,38846
424120301,-712962900,39116
424120336,-712962762,39472
424120304,-712962512,39325
424120288,-712962314,39633
424120256,-712962104,38450
424120263,-712961944,37948
424120308,-712961757,38277
424120215,-712961583,39095
424120250,-712961467,38986
424120275,-712961291,39100
424120323,-712961147,39469
424120378,-712960998,39372
424120422,-712960850,39784
424120451,-712960724,39673
424120462,-712960586,39239
424120460,-712960411,38938
424120466,-712960193,39210
424120459,-712959992,39717
424120452,-712959825,40386
424120436,-712959697,40733
424120415,-712959526,41011
424120432,-712959335,41226
424120471,-712959212,40723
424120488,-712959109,41011
424120550,-712959054,41321
424120610,-712958979,41473
424120642,-712958921,41784
424120635,-712958861,42311
424120632,-712958836,41401
424120691,-712958778,39901
424120810,-712958690,39536
424120994,-712958664,40301
424121053,-712958628,40879
424121035,-712958595,41007
424121063,-712958558,42189
424121084,-712958614,43139
424121097,-712958593,43347
424121119,-712958595,44104
424121097,-712958585,44307
424121127,-712958598,44653
424121120,-712958592,44550
424121116,-712958601,44343
424121165,-712958581,43690
424121220,-712958513,42380
424121320,-712958469,42684
424121401,-712958456,43260
424121449,-712958371,42464
424121560,-712958284,41820
424121696,-712958234,42545
424121793,-712958191,42588
424121975,-712958086,42931
424122080,-712957941,42605
424122170,-712957865,42801
424122251,-712957779,42866
424122273,-712957626,42932
424122312,-712957460,42944
424122381,-712957394,43140
424122440,-712957228,41958
424122549,-712957141,41486
424122602,-712957054,41798
424122711,-712957051,42389
424122820,-712957068,42782
424123067,-712957030,42359
424123132,-712957046,42530
424123118,-712957105,41486
424123098,-712957092,40687
424123092,-712957122,40052
424123137,-712957119,39745
424123267,-712957181,40866
424123336,-712957207,40489
424123435,-712957203,39271
424123518,-712957240,38620
424123612,-712957249,38021
424123701,-712957244,37652
424123784,-712957264,36882
424123707,-712957230,35033
424123714,-712957200,35206
424123745,-712957111,34923
424123734,-712957007,34146
424123751,-712956907,33271
424123845,-712956821,32182
424123962,-712956782,32625
424124051,-712956734,33155
424124057,-712956655,31955
424124098,-712956546,31681
424124152,-712956472,30484
424124205,-712956385,30286
424124258,-712956288,29692
424124206,-712956223,28338
424124324,-712956172,27983
424124411,-712956174,28925
424124438,-712956114,27468
424124791,-712956059,28968
424124950,-712956116,29888
424125019,-712956073,28680
424125147,-712955998,28363
424125218,-712955919,27373
424125240,-712955887,26840
424125305,-712955841,27434
424125407,-712955764,28098
424125409,-712955726,27815
424125467,-712955669,27653
424125552,-712955674,27319
424125649,-712955648,27111
424125666,-712955565,25416
424125739,-712955545,24270
424125869,-712955566,24324
424125994,-712955534,23372
424126026,-712955497,23039
424126046,-712955397,23058
424126117,-712955270,22359
424126180,-712955191,22082
424126247,-712955215,21439
424126321,-712955202,21846
424126338,-712955154,20788
424126512,-712955052,22239
424126657,-712954968,23813
424126782,-712954941,23781
424126883,-712954818,24078
424126971,-712954711,23993
424127058,-712954680,24572
424127153,-712954579,26007
424127256,-712954426,25454
424127306,-712954409,25309
424127379,-712954393,24908
424127473,-712954301,25629
424127566,-712954179,25859
424127756,-712954154,23758
424127843,-712954087,23580
424127979,-712954044,23957
424128036,-712954014,24730
424128093,-712953993,25047
424128097,-712953904,25942
424128137,-712953868,25757
424128200,-712953852,26193
424128335,-712953855,26878
424128465,-712953874,27527
424128526,-712953822,27461
424128657,-712953762,27809
424128770,-712953708,28127
424128782,-712953623,27998
424128853,-712953586,28274
424128927,-712953542,28256
424129055,-712953540,29096
424129112,-712953490,29380
424129225,-712953464,31001
424129305,-712953510,30190
424129380,-712953594,30540
424129369,-712953605,30838
424129364,-712953611,31091
424129372,-712953627,31275
424129371,-712953647,31373
424129540,-712953666,31483
424129619,-712953503,30689
424129665,-712953356,29592
424129723,-712953308,29038
424129807,-712953268,28233
424129909,-712953191,28024
424130029,-712953169,27839
424130071,-712953148,27581
424130098,-712953073,27115
424130238,-712953008,26692
424130307,-712952955,26365
424130350,-712952921,26881
424130426,-712952883,27664
424130431,-712952780,27430
424130534,-712952739,26681
424130756,-712952803,27624
424130830,-712952832,27564
424130870,-712952829,27571
424130905,-712952718,26041
424130962,-712952655,25699
424131012,-712952571,24904
424131130,-712952510,25178
424131198,-712952456,25065
424131330,-712952424,24843
424131375,-712952464,24669
424131396,-712952494,24940
424131441,-712952524,25420
424131461,-712952523,25673
424131459,-712952519,25828
424131478,-712952498,25653
424131539,-712952485,25676
424131624,-712952463,25442
424131651,-712952396,25613
424131703,-712952327,25249
424131737,-712952307,25894
424131754,-712952288,26705
424131790,-712952265,27409
424131807,-712952234,27751
424131841,-712952225,28200
424131853,-712952208,28064
424131871,-712952206,28361
424131911,-712952224,28217
424131927,-712952181,27815
424131939,-712952151,27526
424132001,-712952098,28205
424132043,-712952039,28282
424132071,-712951976,27900
424132120,-712951926,28398
424132179,-712951887,28331
424132236,-712951856,28335
424132277,-712951817,27884
424132364,-712951731,27383
424132413,-712951710,27144
424132426,-712951709,27244
424132449,-712951719,27271
424132499,-712951733,26910
424132528,-712951741,26884
424132540,-712951732,26478
424132611,-712951561,25891
424132651,-712951507,25461
424132683,-712951563,26153
424132729,-712951597,26471
424132745,-712951672,26865
424132801,-712951603,27406
424132869,-712951540,27686
424132996,-712951567,28649
424133095,-712951517,28768
424133198,-712951485,29056
424133298,-712951313,30821
424133415,-712951270,31654
424133524,-712951293,32578
424133589,-712951260,32234
424133628,-712951217,30901
424133748,-712951209,31204
424133813,-712951160,30733
424133878,-712951169,31014
424133963,-712951140,30527
424134074,-712951060,30240
424134194,-712951066,30526
424134130,-712950943,30181
424134189,-712950923,30244
424134304,-712950987,31284
424134337,-712951009,32702
424134374,-712951039,32740
424134548,-712951005,31691
424134718,-712950962,31546
424134831,-712950904,31551
424134915,-712950868,31387
424135076,-712950617,29004
424135152,-712950489,28663
424135223,-712950335,28813
424135279,-712950244,28591
424135306,-712950208,28921
424135301,-712950165,29394
424135302,-712950079,29488
424135280,-712949979,29355
424135267,-712949911,28621
424135298,-712949792,28511
424135323,-712949689,27767
424135306,-712949555,27222
424135321,-712949436,27035
424135325,-712949274,27468
424135297,-712949151,26939
424135311,-712949033,27385
424135342,-712948858,26824
424135374,-712948773,25968
424135403,-712948664,25683
424135416,-712948541,25444
424135551,-712948447,24656
424135639,-712948352,24198
424135630,-712948261,24516
424135679,-712948185,25311
424135661,-712948094,24784
424135636,-712948051,25443
424135723,-712948057,27614
424135832,-712948059,29238
424135927,-712948079,30827
424135961,-712948111,31447
424136006,-712947963,31152
424136034,-712947873,31150
424136031,-712947749,30942
424135990,-712947620,30731
424136022,-712947546,30419
424136102,-712947375,30942
424136134,-712947241,30512
424136172,-712947102,30288
424136191,-712946940,30050
424136232,-712946805,30333
424136260,-712946748,30132
424136240,-712946666,29280
424136236,-712946567,29930
424136200,-712946444,28513
424136191,-712946334,27847
424136242,-712946246,26074
424136313,-712946108,26312
424136308,-712945927,26934
424136372,-712945758,26155
424136392,-712945638,27257
424136347,-712945611,27346
424136380,-712945521,28338
424136480,-712945454,28453
424136502,-712945299,28403
424136520,-712945091,27173
424136537,-712944963,27010
424136594,-712944842,26094
424136606,-712944817,25813
424136572,-712944769,25580
424136601,-712944718,26344
424136616,-712944663,25444
424136562,-712944508,26418
424136520,-712944366,27000
424136435,-712944239,27585
424136386,-712944108,27474
424136328,-712943979,26722
424136297,-712943896,26764
424136262,-712943789,27561
424136219,-712943681,27448
424136199,-712943615,27775
424136150,-712943458,28283
424136129,-712943399,29247
424135970,-712943113,29586
424135879,-712942999,29364
424135782,-712942846,29372
424135732,-712942731,30077
424135839,-712942707,29535
424135835,-712942608,29526
424135786,-712942512,29434
424135764,-712942457,29297
424135716,-712942382,28809
424135622,-712942309,28765
424135572,-712942202,29165
424135530,-712942059,29982
424135516,-712941963,31660
424135464,-712941862,32467
424135436,-712941773,32697
424135395,-712941686,33987
424135232,-712941560,33536
424135146,-712941455,33596
424135091,-712941277,34266
424135066,-712941225,34535
424135000,-712941125,34689
424135016,-712941042,34005
424135023,-712940985,34059
424135040,-712940916,34086
424134984,-712940745,34266
424134968,-712940654,34689
424134909,-712940528,35088
424134808,-712940308,34953
424134708,-712940093,35605
424134681,-712939986,35878
424134627,-712939894,35979
424134544,-712939749,36436
424134449,-712939468,36660
424134449,-712939346,36963
424134417,-712939200,37215
424134441,-712939104,37251
424134439,-712939029,37466
424134429,-712938972,37385
424134313,-712938825,37073
424134272,-712938702,37300
424134246,-712938619,37327
424134230,-712938552,37632
424134223,-712938418,37852
424134181,-712938235,38135
424134178,-712938097,38407
424134182,-712938077,38704
424134347,-712938049,39780
424134460,-712937922,41302
424134384,-712937838,40908
424134329,-712937750,40849
424134287,-712937670,40408
424134242,-712937540,40820
424134230,-712937398,40738
424134260,-712937339,41329
424134344,-712937271,41258
424134311,-712937145,40955
424134308,-712936979,40824
424134354,-712936902,41027
424134334,-712936749,41124
424134327,-712936687,40940
424134295,-712936561,40558
424134303,-712936455,41023
424134316,-712936351,41121
424134232,-712936150,41787
424134199,-712936005,41622
424134222,-712935887,41581
424134233,-712935863,41725
424134224,-712935760,41944
424134184,-712935612,42313
424134167,-712935469,42485
424134170,-712935213,42640
424134170,-712935102,43003
424134141,-712934941,43170
424134214,-712934942,42173
424134215,-712934824,42099
424134144,-712934590,41962
424134072,-712934281,42088
424134075,-712934150,42237
424134150,-712934031,42443
424134122,-712933906,42497
424134108,-712933782,41968
424134161,-712933672,42032
424134162,-712933548,41607
424134126,-712933349,41729
424134065,-712933153,42129
424134047,-712933028,42577
424134015,-712932837,42958
424133987,-712932763,43670
424133926,-712932625,43702
424133913,-712932534,43349
424133896,-712932435,43317
424133888,-712932387,43426
424133872,-712932283,43626
424133874,-712932208,43061
424133911,-712932124,43271
424133900,-712931942,43421
424133904,-712931818,43782
424133918,-712931732,43497
424133871,-712931573,43332
424133823,-712931520,43624
424133773,-712931447,43861
424133768,-712931377,44002
424133763,-712931277,44080
424133769,-712931117,43818
424133838,-712931001,42876
424133906,-712930849,42247
424133855,-712930662,41840
424133820,-712930495,41579
424133827,-712930405,41460
424133873,-712930331,41420
424133905,-712930247,41339
424133955,-712930157,41492
424134015,-712930018,41355
424134010,-712929854,41502
424134023,-712929664,41891
424134038,-712929516,42149
424134056,-712929433,41920
424134055,-712929334,41826
424134119,-712929275,41843
424134090,-712929154,41327
424134012,-712929017,40843
424133954,-712928906,40349
424134005,-712928986,39891
424133969,-712928943,39648
424133889,-712928788,39789
424133888,-712928703,39329
424133804,-712928553,39259
424133753,-712928453,39372
424133857,-712928344,40783
424133825,-712928149,40987
424133787,-712928027,40440
424133787,-712927980,40610
424133714,-712927862,41055
424133659,-712927773,40843
424133572,-712927670,40564
424133423,-712927518,39464
424133343,-712927382,39434
424133285,-712927231,38133
424133232,-712927160,38154
424133148,-712927020,37670
424133135,-712927010,38102
424133115,-712926946,38179
424133088,-712926856,38265
424133076,-712926811,38720
424133070,-712926742,38529
424133062,-712926660,38786
424133025,-712926628,38918
424132978,-712926591,38919
424132924,-712926533,38701
424132859,-712926452,38182
424132792,-712926400,38404
424132643,-712926227,38270
424132544,-712926139,38254
424132457,-712926046,38122
424132379,-712925970,37832
424132301,-712925907,37846
424132181,-712925823,37439
424131996,-712925658,37139
424131921,-712925607,36803
424131846,-712925538,36125
424131848,-712925529,36005
424131742,-712925422,35782
424131659,-712925301,35526
424131605,-712925175,35233
424131525,-712925119,34334
424131281,-712924933,34006
424131235,-712924775,33701
424131066,-712924576,33476
424130935,-712924522,33502
424130858,-712924537,33077
424130834,-712924539,32015
424130773,-712924475,31459
424130781,-712924488,31281
424130669,-712924421,31316
424130560,-712924355,30804
424130486,-712924334,30603
424130429,-712924272,30619
424130370,-712924294,30229
424130276,-712924219,29680
424130219,-712924158,29487
424130172,-712924139,29584
424130118,-712924160,29420
424129971,-712924080,28444
424129865,-712923990,28283
424129747,-712923919,27978
424129620,-712923852,27759
424129446,-712923693,27786
424129372,-712923670,27679
424129321,-712923619,27454
424129241,-712923577,27877
424129068,-712923494,27889
424128994,-712923407,28005
424128925,-712923328,28169
424128859,-712923296,28345
424128745,-712923191,28183
424128593,-712923088,28115
424128471,-712923013,28306
424128368,-712922952,28350
424128318,-712922843,28564
424128240,-712922804,28472
424128157,-712922710,27961
424128116,-712922632,28411
424128048,-712922568,28567
424127930,-712922480,29055
424127846,-712922408,29251
424127829,-712922381,29498
424127678,-712922158,30084
424127604,-712922147,30702
424127542,-712922111,30517
424127519,-712922093,30089
424127493,-712922073,29809
424127434,-712921983,30086
424127391,-712921910,30114
424127316,-712921823,30395
424127284,-712921767,30734
424127243,-712921727,30284
424127175,-712921678,30433
424127128,-712921681,30414
424127114,-712921704,30405
424127089,-712921686,30663
424127035,-712921621,31233
424126934,-712921490,31940
424126892,-712921402,32900
424126855,-712921343,33317
424126802,-712921264,34301
424126748,-712921208,35084
424126723,-712921159,35833
424126713,-712921139,36108
424126731,-712921057,36196
424126700,-712920869,36568
424126676,-712920690,36859
424126672,-712920609,36785
424126686,-712920561,36535
424126732,-712920441,36408
424126839,-712920300,36455
424126855,-712920182,36363
424126960,-712920192,36129
424127017,-712920117,35818
424127007,-712919910,35692
424127081,-712919816,35065
424127115,-712919709,34194
424127162,-712919556,33910
424127220,-712919484,34080
424127249,-712919414,34020
424127326,-712919400,33652
424127321,-712919210,34100
424127444,-712919098,33821
424127507,-712919026,33585
424127492,-712918922,33491
424127543,-712918775,33525
424127557,-712918700,33883
424127615,-712918647,33593
424127647,-712918614,33920
424127666,-712918582,33871
424127641,-712918523,33710
424127559,-712918470,33804
424127523,-712918421,33571
424127478,-712918393,33855
424127465,-712918380,33730
424127434,-712918325,33943
424127410,-712918273,34323
424127430,-712918269,34149
424127415,-712918218,34257
424127373,-712918080,34730
424127356,-712918004,34970
424127399,-712917897,34220
424127382,-712917791,34432
424127345,-712917672,34474
424127317,-712917596,34206
424127283,-712917463,33912
424127252,-712917348,33762
424127177,-712917283,33295
424127120,-712917187,33691
424127085,-712917053,33395
424127028,-712916947,33855
424127009,-712916828,33832
424126902,-712916728,34295
424126839,-712916646,34146
424126758,-712916544,34326
424126700,-712916457,34117
424126632,-712916380,34593
424126570,-712916256,34615
424126490,-712916125,35240
424126447,-712916080,35499
424126413,-712915919,35935
424126430,-712915859,35384
424126386,-712915763,36005
424126345,-712915643,36456
424126376,-712915623,36771
424126269,-712915387,37839
424126273,-712915355,38033
424126240,-712915270,38358
424126239,-712915170,38428
424126306,-712915111,38646
424126238,-712914931,38958
424126188,-712914804,38785
424126085,-712914543,39193
424125991,-712914343,39203
424125988,-712914248,39740
424125902,-712914185,39674
424125852,-712914077,39950
424125785,-712913941,40334
424125764,-712913848,40437
424125724,-712913716,39887
424125692,-712913587,39537
424125640,-712913486,39410
424125639,-712913371,39751
424125620,-712913207,38457
424125611,-712913027,38140
424125593,-712912878,37792
424125579,-712912647,35988
424125546,-712912479,35831
424125516,-712912281,35843
424125506,-712912008,34777
424125442,-712911723,35554
424125423,-712911626,36449
424125408,-712911546,36484
424125389,-712911487,36246
424125366,-712911403,36125
424125361,-712911308,36116
424125359,-712911247,35113
424125359,-712911197,35037
424125377,-712911157,35258
424125401,-712911145,35483
424125395,-712911041,35700
424125420,-712910955,35653
424125463,-712910849,35480
424125502,-712910839,35302
424125471,-712910690,35004
424125457,-712910562,35256
424125497,-712910549,35067
424125510,-712910523,35494
424125538,-712910413,35634
424125588,-712910329,36196
424125628,-712910153,35898
424125664,-712909983,35374
424125751,-712909908,35403
424125768,-712909753,35869
424125812,-712909635,36147
424125821,-712909518,36345
424125850,-712909341,37017
424125880,-712909264,37185
424125906,-712909164,37475
424125911,-712909062,37383
424125936,-712909015,37464
424125963,-712908992,38216
424126001,-712908986,39096
424126057,-712908960,39242
424126104,-712908852,38995
424126147,-712908784,38983
424126197,-712908680,38679
424126258,-712908472,38614
424126336,-712908400,38819
424126380,-712908357,38795
424126408,-712908302,38751
424126426,-712908215,38890
424126489,-712908231,38904
424126400,-712908106,38649
424126445,-712908065,38619
424126456,-712908028,38751
424126488,-712908022,38838
424126487,-712907979,38845
424126481,-712907945,38694
424126445,-712907918,38288
424126433,-712907891,38165
424126467,-712907836,38350
424126500,-712907780,38821
424126513,-712907737,38879
424126535,-712907703,39262
424126538,-712907676,39280
424126553,-712907651,38904
424126589,-712907638,38724
424126641,-712907629,39115
424126751,-712907486,38294
424126834,-712907402,38053
424126880,-712907346,37887
424126893,-712907217,37673
424126911,-712907148,37799
424126900,-712907090,38007
424126914,-712907069,38047
424126878,-712907034,38128
424126887,-712907032,38370
424126898,-712907012,38548
424126923,-712907004,38777
424126939,-712906997,38899
424126964,-712906984,39397
424126972,-712906990,39370
424126988,-712907006,39842
424127017,-712906983,39918
424127043,-712906979,40052
424127058,-712906990,40425
424126975,-712906909,40627
424126950,-712906879,40815
424126945,-712906871,40270
424126970,-712906908,40255
424127014,-712906971,40301
424126958,-712907006,40808
424126978,-712907055,41767
424126984,-712907034,42791
424126988,-712906989,43892
424127005,-712906928,44503
424126946,-712906836,44390
424126955,-712906782,43402
424126924,-712906694,43497
424126954,-712906598,41670
424126943,-712906593,41686
424126968,-712906541,42639
424126992,-712906597,42718
424126980,-712906617,42748
424127002,-712906652,42657
424127053,-712906722,42786
424127140,-712906790,42997
424127150,-712906792,42634
424127133,-712906752,42681
424127100,-712906737,42491
424127063,-712906748,42189
424127068,-712906738,42753
424127062,-712906734,43053
424127043,-712906714,43196
424127081,-712906679,43682
424127117,-712906706,43452
424127127,-712906707,43177
424127136,-712906725,42246
424127157,-712906685,41344
424127177,-712906644,40438
424127232,-712906652,40144
424127278,-712906662,39613
424127314,-712906608,39611
424127324,-712906615,38685
424127305,-712906600,38145
424127309,-712906594,38463
424127358,-712906570,38447
424127382,-712906523,38379
424127404,-712906498,38686
424127441,-712906527,38943
424127453,-712906570,39035
424127482,-712906502,39755
424127509,-712906437,40310
424127499,-712906443,40725
424127551,-712906473,40918
424127603,-712906534,40692
424127644,-712906610,40772
424127692,-712906662,40692
424127709,-712906690,40427
424127723,-712906701,39927
424127736,-712906730,39339
424127761,-712906751,38807
424127710,-712906750,38629
424127760,-712906817,38552
424127788,-712906886,38153
424127813,-712906936,38086
424127840,-712906931,37400
424127900,-712906892,37623
424127960,-712906915,37578
424128024,-712906973,37026
424128040,-712906978,37417
424128111,-712907038,35218
424128152,-712907156,34486
424128208,-712907353,34196
424128238,-712907413,34596
424128237,-712907383,34402
424128214,-712907347,36059
424128203,-712907381,36204
424128160,-712907330,36731
424128103,-712907392,36648
424128048,-712907443,36486
424127950,-712907467,36817
424127847,-712907490,36429
424127745,-712907473,36032
424127693,-712907495,36116
424127591,-712907470,36420
424127541,-712907477,36505
424127501,-712907439,37069
424127424,-712907399,37103
424127426,-712907411,37817
424127426,-712907418,38340
424127398,-712907351,38192
424127394,-712907422,38347
424127369,-712907426,38039
424127352,-712907454,38085
424127347,-712907478,37219
424127350,-712907530,36806
424127373,-712907584,37061
424127384,-712907624,36984
424127404,-712907663,37354
424127368,-712907583,38243
424127321,-712907521,39039
424127318,-712907540,39456
424127307,-712907548,40014
424127259,-712907520,40404
424127210,-712907523,40822
424127089,-712907535,40381
424127041,-712907530,40891
424126958,-712907545,39820
424126888,-712907554,40565
424126805,-712907536,40436
424126760,-712907569,40520
424126697,-712907583,40162
424126675,-712907610,39926
424126602,-712907667,38771
424126491,-712907588,39185
424126398,-712907537,39034
424126324,-712907467,38645
424126266,-712907466,39419
424126180,-712907531,38701
424126122,-712907579,38436
424126033,-712907598,38129
424125938,-712907639,37609
424125874,-712907793,36638
424125842,-712908177,35117
424125842,-712908370,34766
424125806,-712908541,34117
424125802,-712908656,33782
424125813,-712908761,33393
424125852,-712908898,33217
424125848,-712908994,33678
424125807,-712909061,33592
424125801,-712909133,33458
424125808,-712909278,33382
424125790,-712909359,33346
424125802,-712909577,33702
424125803,-712909661,33567
424125795,-712909752,32929
424125875,-712909890,33115
424125924,-712909913,32825
424125968,-712910002,32262
424126024,-712910146,32829
424126053,-712910268,33548
424126040,-712910380,34533
424126076,-712910581,32085
424126102,-712910713,32689
424126114,-712910860,31837
424126116,-712911057,31716
424126148,-712911184,31915
424126172,-712911302,31962
424126144,-712911426,31553
424126177,-712911613,31553
424126214,-712911673,32391
424126242,-712911801,31424
424126204,-712911915,31985
424126212,-712911986,31881
424126220,-712912106,32696
424126272,-712912268,32900
424126322,-712912437,31618
424126345,-712912608,30601
424126363,-712912710,30302
424126374,-712912703,30149
424126425,-712912796,30276
424126435,-712912998,29530
424126283,-712913063,25550
424126309,-712913149,24804
424126348,-712913327,25469
424126400,-712913460,24458
424126426,-712913548,23532
424126394,-712913605,24385
424126359,-712913647,25998
424126350,-712913749,26012
424126290,-712913783,27076
424126389,-712913990,27107
424126411,-712914098,27082
424126516,-712914193,26546
424126541,-712914360,28022
424126497,-712914501,32751
424126583,-712914634,32863
424126645,-712914808,33557
424126606,-712915051,35612
424126614,-712915235,35845
424126667,-712915455,36072
424126737,-712915603,36553
424126833,-712915768,37557
424126906,-712916028,36821
424126935,-712916228,37912
424126966,-712916367,37429
424126981,-712916519,38712
424126932,-712916684,40419
424126953,-712916946,41222
424126884,-712917072,42836
424126869,-712917362,43120
424126798,-712917548,44221
424126710,-712917787,45004
424126742,-712917935,44472
424126693,-712918055,44081
424126562,-712918150,45639
424126463,-712918242,46796
424126430,-712918362,45881
424126393,-712918441,44920
424126367,-712918381,45636
424126300,-712918433,44579
424126257,-712918527,45058
424126198,-712918611,44565
424126068,-712918763,44152
424125975,-712918804,42941
424125884,-712918778,43112
424125911,-712918817,45222
424125874,-712918927,45030
424125863,-712919045,44263
424125853,-712919129,44157
424125875,-712919129,44796
424125869,-712919164,44897
424125901,-712919209,44989
424125975,-712919260,44943
424126011,-712919321,45323
424126054,-712919359,44987
424126150,-712919427,44886
424126189,-712919442,45501
424126211,-712919452,46110
424126222,-712919448,46568
424126248,-712919468,47180
424126262,-712919486,47162
424126403,-712919587,46931
424126448,-712919676,47220
424126488,-712919675,47579
424126534,-712919732,48171
424126559,-712919741,48294
424126579,-712919758,48329
424126598,-712919766,48172
424126613,-712919785,48267
424126618,-712919776,48433
424126627,-712919785,49094
424126660,-712919784,49216
424126655,-712919775,49200
424126653,-712919756,49380
424126673,-712919785,49070
424126695,-712919835,49113
424126706,-712919859,48743
424126709,-712919898,48524
424126688,-712919910,47772
424126672,-712919920,47391
424126643,-712919907,46688
424126626,-712919917,46243
424126602,-712919922,46165
424126582,-712919933,46079
424126550,-712919923,46119
424126523,-712919916,45824
424126503,-712919927,45619
424126491,-712919970,45726
424126469,-712919999,45774
424126468,-712920021,45573
424126464,-712920020,45411
424126457,-712920032,45181
424126447,-712920046,45124
424126437,-712920059,44974
424126428,-712920089,44739
424126442,-712920151,44471
424126450,-712920202,44488
424126468,-712920251,44720
424126553,-712920329,44934
424126609,-712920416,44608
424126637,-712920456,44540
424126644,-712920461,44443
424126685,-712920472,44246
424126708,-712920519,44417
424126770,-712920572,44313
424126783,-712920675,44107
424126767,-712920673,44086
424126761,-712920663,44089
424126752,-712920645,43980
424126741,-712920618,43838
424126737,-712920599,43710
424126738,-712920563,43097
424126732,-712920523,42688
424126733,-712920492,42119
424126748,-712920475,41352
424126754,-712920463,40785
424126748,-712920432,39996
424126754,-712920419,39163
424126740,-712920380,38291
424126717,-712920338,37843
424126676,-712920252,37163
424126655,-712920221,36780
424126654,-712920207,36533
424126650,-712920205,36435
424126661,-712920217,36470
424126725,-712920275,36154
424126860,-712920425,36448
424126916,-712920428,35942
424126931,-712920490,36077
424126981,-712920597,36234
424127023,-712920662,36251
424127082,-712920750,36477
424127073,-712920847,36549
424127048,-712920947,36801
424127051,-712920979,37059
424127133,-712921051,36636
424127240,-712921151,36120
424127371,-712921224,36033
424127554,-712921379,36369
424127629,-712921439,36694
424127692,-712921462,37094
424127829,-712921488,38328
424127911,-712921557,39714
424128009,-712921687,38597
424128049,-712921801,38830
424128071,-712921813,39167
424128144,-712921891,38697
424128261,-712921971,38544
424128379,-712921987,37363
424128679,-712922198,37073
424128996,-712922375,37150
424129079,-712922424,37979
424129173,-712922521,37632
424129293,-712922597,36431
424129364,-712922611,36719
424129498,-712922688,35714
424129623,-712922821,35803
424129730,-712922969,35221
424129823,-712923045,35109
424129909,-712923060,34934
424129996,-712923113,34767
424130054,-712923185,35182
424130099,-712923267,35805
424130187,-712923405,34983
424130245,-712923480,36512
424130284,-712923602,36931
424130319,-712923722,36276
424130366,-712923796,35673
424130403,-712924099,33023
424130484,-712924369,32153
424130497,-712924480,31883
424130480,-712924626,31447
424130474,-712924723,30793
424130524,-712924990,29870
424130536,-712925225,30344
424130550,-712925355,29016
424130582,-712925508,30114
424130626,-712925587,30036
424130657,-712925667,29965
424130686,-712925877,30229
424130705,-712926064,30912
424130700,-712926150,30576
424130682,-712926289,31377
424130703,-712926455,30720
424130680,-712926594,30911
424130718,-712926641,31730
424130700,-712926773,32143
424130726,-712926893,31607
424130721,-712926991,32587
424130738,-712927134,33346
424130775,-712927193,32972
424130810,-712927305,34067
424130787,-712927392,33633
424130731,-712927487,33567
424130808,-712927716,31958
424130926,-712927979,30928
424130971,-712928072,30789
424130960,-712928192,31422
424131020,-712928374,31388
424131011,-712928510,30950
424130987,-712928639,31102
424131032,-712928795,30917
424131098,-712929087,31988
424131138,-712929285,32250
424131170,-712929438,32231
424131129,-712929563,32765
424131149,-712929667,33204
424131147,-712929910,33031
424131135,-712930025,32857
424131156,-712930130,32751
424131259,-712930262,33068
424131348,-712930379,33331
424131439,-712930593,33652
424131480,-712930708,34150
424131521,-712930816,34596
424131603,-712930962,34524
424131663,-712931137,35674
424131690,-712931240,36148
424131766,-712931498,35926
424131801,-712931679,35853
424131862,-712931752,35506
424131922,-712931860,35580
424132036,-712932082,36272
424132082,-712932176,35972
424132080,-712932241,35970
424131928,-712932187,35845
424131859,-712932223,36381
424131830,-712932283,37005
424131872,-712932392,37375
424131941,-712932564,36720
424132019,-712932742,36798
424132072,-712932833,36523
424132085,-712932949,37173
424132219,-712933139,36672
424132312,-712933311,37016
424132369,-712933369,37073
424132441,-712933436,37042
424132533,-712933594,35976
424132609,-712933673,36294
424132625,-712933716,37537
424132735,-712933804,35942
424132833,-712933840,34808
424132952,-712933889,33536
424133007,-712933919,33328
424133060,-712933994,33207
424133195,-712934122,33621
424133223,-712934210,32544
424133301,-712934258,32536
424133400,-712934319,31939
424133522,-712934485,32473
424133584,-712934564,33076
424133660,-712934625,34110
424133680,-712934614,34052
424133738,-712934664,33840
424133802,-712934769,33885
424133866,-712934913,34485
424133867,-712934982,32405
424133997,-712935127,31453
424134038,-712935218,32731
424134109,-712935293,32616
424134179,-712935402,30542
424134227,-712935535,29561
424134276,-712935676,29760
424134364,-712935855,30426
424134400,-712935989,30540
424134407,-712936095,31691
424134428,-712936269,32892
424134438,-712936540,34964
424134483,-712936654,35762
424134551,-712936784,35609
424134600,-712936974,36343
424134606,-712937088,36713
424134603,-712937235,37567
424134659,-712937370,36210
424134752,-712937558,36685
424134786,-712937696,36873
424134822,-712937797,37257
424134852,-712937903,37243
424134922,-712938026,36084
424135041,-712938187,35759
424135058,-712938356,36943
424135113,-712938554,38858
424135200,-712938717,38296
424135287,-712938882,38231
424135380,-712939054,38399
424135474,-712939256,38191
424135459,-712939353,39095
424135455,-712939434,39122
424135513,-712939586,38820
424135588,-712939744,40274
424135719,-712939867,39413
424135786,-712939943,39531
424135827,-712940056,39867
424135875,-712940218,40440
424135853,-712940284,41437
424135890,-712940340,41587
424136095,-712940693,37563
424136267,-712940921,38147
424136356,-712941008,38092
424136380,-712941119,38342
424136485,-712941301,38912
424136592,-712941408,39098
424136631,-712941508,38672
424136681,-712941625,38813
424136714,-712941688,39290
424136656,-712941754,40509
424136799,-712942009,38701
424136844,-712942216,39324
424136872,-712942315,39635
424136851,-712942428,39859
424136896,-712942557,38483
424136907,-712942711,38873
424136955,-712942808,39395
424136945,-712942894,39131
424136832,-712942946,37378
424136784,-712943066,36757
424136734,-712943325,36653
424136846,-712943482,35205
424136856,-712943603,35760
424136833,-712943792,35812
424136802,-712943882,35589
424136799,-712943997,34971
424136808,-712944151,34273
424136785,-712944152,32950
424136756,-712944247,32722
424136694,-712944469,30198
424136718,-712944571,29956
424136707,-712944670,30433
424136680,-712944783,30452
424136660,-712944921,31311
424136658,-712945040,32063
424136633,-712945219,32756
424136649,-712945260,32906
424136628,-712945309,32662
424136656,-712945400,31596
424136628,-712945517,31001
424136606,-712945670,31750
424136614,-712945759,31324
424136580,-712945926,31796
424136602,-712945961,31620
424136620,-712946043,30706
424136641,-712946217,31346
424136510,-712946347,32562
424136466,-712946411,32722
424136395,-712946500,33119
424136320,-712946688,33989
424136293,-712946812,34042
424136272,-712946947,33946
424136235,-712947072,33654
424136143,-712947112,32890
424136095,-712947241,33202
424136064,-712947322,33549
424136039,-712947359,33857
424136059,-712947395,33771
424136075,-712947400,33498
424136074,-712947411,33411
424136070,-712947416,33099
424136063,-712947422,33099
424136048,-712947422,32922
424136049,-712947423,32936
424136052,-712947445,33143
424136035,-712947473,33223
424136030,-712947492,33305
424136015,-712947508,33359
424135968,-712947630,34164
424135916,-712947720,34552
424135891,-712947765,35268
424135866,-712947827,35672
424135888,-712947944,35586
424135912,-712948027,35094
424135909,-712948093,34945
424135926,-712948243,35547
424135923,-712948362,35734
424135886,-712948486,36787
424135845,-712948558,36673
424135855,-712948622,36305
424135917,-712948707,35931
424135995,-712948753,34499
424136032,-712948868,34197
424136085,-712949003,34074
424136132,-712949153,34042
424136169,-712949272,33890
424136212,-712949356,33785
424136292,-712949511,33249
424136338,-712949873,35314
424136429,-712949967,34991
424136462,-712950018,33439
424136486,-712950103,32576
424136489,-712950206,32517
424136514,-712950235,32525
424136578,-712950229,31818
424136660,-712950300,31820
424136694,-712950448,32564
424136705,-712950540,32582
424136717,-712950581,33973
424136812,-712950603,33590
424136874,-712950677,33472
424136980,-712950746,33391
424137129,-712950853,33306
424137174,-712950936,32912
424137205,-712951048,33131
424137258,-712951165,32687
424137343,-712951316,31929
424137406,-712951471,31291
424137414,-712951538,30642
424137548,-712951600,29015
424137629,-712951710,28158
424137633,-712951768,27715
424137648,-712951872,27834
424137729,-712951987,27758
424137780,-712952109,27913
424137803,-712952185,28014
424137775,-712952339,27940
424137841,-712952533,29623
424137972,-712952738,29498
424137966,-712952714,30054
424137952,-712952907,30555
424138012,-712953036,29599
424138126,-712953076,28903
424138205,-712953133,28797
424138229,-712953212,28820
424138233,-712953294,29080
424138288,-712953375,29058
424138310,-712953479,29208
424138357,-712953542,28693
424138410,-712953631,28720
424138479,-712953758,27405
424138573,-712953926,28586
424138631,-712954083,29823
424138632,-712954147,30146
424138641,-712954202,30472
424138644,-712954222,30096
424138704,-712954312,29629
424138787,-712954558,29809
424138841,-712954690,29693
424138900,-712954742,29009
424138947,-712954862,28938
424139043,-712954976,29229
424139134,-712955063,29544
424139195,-712955128,29815
424139227,-712955196,29743
424139318,-712955334,29542
424139410,-712955470,30310
424139513,-712955544,30131
424139564,-712955761,31953
424139668,-712955900,32464
424139756,-712955973,31299
424139776,-712956039,31303
424139799,-712956176,31106
424139846,-712956342,30723
424139907,-712956500,30604
424139982,-712956615,31176
424140094,-712956805,29779
424140184,-712956932,29648
424140245,-712957043,29944
424140258,-712957101,30783
424140259,-712957119,31250
424140287,-712957172,31075
424140298,-712957216,31001
424140316,-712957255,30904
424140334,-712957320,30975
424140411,-712957397,31210
424140485,-712957460,31434
424140531,-712957512,31579
424140648,-712957575,30417
424140717,-712957735,29856
424140788,-712957876,28635
424140820,-712957962,28551
424140951,-712957990,27890
424141060,-712958221,29868
424141152,-712958358,30329
424141197,-712958482,30456
424141224,-712958648,30922
424141305,-712958832,30579
424141428,-712959180,29284
424141448,-712959286,29327
424141498,-712959438,28494
424141537,-712959589,28378
424141585,-712959784,28275
424141630,-712959902,28179
424141668,-712960029,27102
424141715,-712960247,26591
424141748,-712960411,26754
424141793,-712960445,25776
424141840,-712960506,24819
424141902,-712960674,23573
424141968,-712960773,22852
424142009,-712960886,22962
424142047,-712960997,22935
424142100,-712961126,21606
424142119,-712961352,21775
424142111,-712961499,21306
424142262,-712961642,20881
424142351,-712961751,20447
424142399,-712961855,20146
424142414,-712961961,20184
424142339,-712961960,18658
424142360,-712962026,17923
424142408,-712962169,17833
424142446,-712962210,17225
424142482,-712962200,16093
424142485,-712962341,16392
424142486,-712962433,16180
424142531,-712962600,16409
424142594,-712962973,15270
424142624,-712963110,14983
424142630,-712963304,14283
424142627,-712963447,13927
424142635,-712963634,15093
424142636,-712963771,15390
424142652,-712964026,15528
424142644,-712964180,15631
424142618,-712964306,16175
424142624,-712964503,17065
424142590,-712964735,17717
424142591,-712964917,17845
424142630,-712965032,16912
424142612,-712965272,17835
424142598,-712965429,17308
424142555,-712965557,17669
424142548,-712965733,17920
424142491,-712965890,18313
424142443,-712966029,19307
424142443,-712966126,18793
424142424,-712966244,19471
424142409,-712966472,18380
424142404,-712966624,18268
424142391,-712966738,18049
424142353,-712966869,18003
424142319,-712966974,18490
424142255,-712967033,19029
424142174,-712967177,19277
424142100,-712967355,20036
424142015,-712967620,21035
424141979,-712967701,22588
424141952,-712967747,23006
424141925,-712967794,23492
424141911,-712967808,23208
424141900,-712967810,23392
424141872,-712967805,23772
424141851,-712967800,24518
424141835,-712967798,25135
424141812,-712967807,25817
424141793,-712967826,26374
424141794,-712967857,26411
424141782,-712967877,26675
424141763,-712967908,26636
424141749,-712967973,26722
424141690,-712968073,27416
424141644,-712968287,27719
424141605,-712968413,27712
424141585,-712968552,28219
424141562,-712968641,28468
424141512,-712968798,29824
424141500,-712968875,29906
424141488,-712968996,29950
424141422,-712969218,31002
424141366,-712969308,30968
424141395,-712969379,30268
424141390,-712969494,29360
424141336,-712969650,29185
424141290,-712969787,28507
424141277,-712969871,28651
424141253,-712970259,29045
424141242,-712970393,28302
424141222,-712970434,28013
424141157,-712970548,27100
424141071,-712970706,27119
424141026,-712970831,26967
424141016,-712970894,26247
424140953,-712971006,26708
424140874,-712971176,26379
424140793,-712971273,26219
424140755,-712971365,26654
424140717,-712971502,27093
424140656,-712971625,26686
424140579,-712971717,26573
424140495,-712971813,25967
424140429,-712971922,25457
424140369,-712971994,25217
424140339,-712972113,25207
424140296,-712972275,26190
424140207,-712972406,26346
424140131,-712972492,26634
424140103,-712972581,27410
424140078,-712972696,27833
424140002,-712972835,28010
424139957,-712972980,27412
424139921,-712973103,27819
424139856,-712973253,27544
424139822,-712973407,27227
424139835,-712973483,27290
424139763,-712973760,25768
424139745,-712973964,25409
424139701,-712974033,25454
424139634,-712974168,25517
424139591,-712974297,25354
424139567,-712974376,25344
424139516,-712974453,25489
424139477,-712974577,26633
424139467,-712974713,25259
424139388,-712974729,24964
424139318,-712974826,25594
424139239,-712974980,25678
424139195,-712975072,25417
424139197,-712975129,26440
424139289,-712975375,26409
424139270,-712975470,26681
424139242,-712975615,26028
424139190,-712975754,26834
424139091,-712975905,28268
424138984,-712975963,29384
424138960,-712976087,29103
424138978,-712976225,28268
424139028,-712976550,27293
424139106,-712976919,25246
424139062,-712977007,24954
424139079,-712977170,23819
424139124,-712977382,23725
424139198,-712977576,23073
424139202,-712977694,22279
424139230,-712977841,22115
424139360,-712978322,19315
424139340,-712978428,19631
424139379,-712978544,20395
424139406,-712978660,20467
424139384,-712978813,21152
424139393,-712978945,21199
424139425,-712979128,21104
424139373,-712979403,22319
424139360,-712979559,22689
424139404,-712979693,22036
424139434,-712979848,22445
424139490,-712979997,22293
424139544,-712980128,21541
424139603,-712980310,20788
424139580,-712980506,22946
424139579,-712980636,22646
424139623,-712980803,21978
424139683,-712981004,21404
424139728,-712981180,21315
424139731,-712981305,21580
424139730,-712981398,22122
424139780,-712981539,22144
424139766,-712981618,22935
424139753,-712981710,22964
424139734,-712981753,23973
424139782,-712981909,24396
424139845,-712982100,23854
424139866,-712982199,23588
424139919,-712982351,22868
424139977,-712982579,22305
424140049,-712982856,21757
424140134,-712983048,20995
424140223,-712983202,20015
424140274,-712983357,19248
424140297,-712983468,19540
424140356,-712983660,19005
424140381,-712983842,19010
424140415,-712983892,18785
424140449,-712983885,18764
424140464,-712983936,18260
424140475,-712983992,18212
424140476,-712984054,19109
424140491,-712984050,19810
424140478,-712983965,21781
424140441,-712983925,23038
424140463,-712984007,22705
424140465,-712984104,22759
424140506,-712984211,21970
424140539,-712984308,21847
424140607,-712984422,21930
424140655,-712984553,21517
424140688,-712984656,21561
424140828,-712984882,20495
424140848,-712984996,20526
424140904,-712985214,20442
424140948,-712985350,20997
424140971,-712985423,21317
424140965,-712985533,20605
424140964,-712985684,20966
424140957,-712985773,21296
424141010,-712986113,22806
424141039,-712986239,22730
424141034,-712986296,22840
424141038,-712986405,22874
424141013,-712986614,23360
424141018,-712986717,22736
424141021,-712986766,21777
424140987,-712986890,21830
424140990,-712987038,21346
424140947,-712987129,21347
424140884,-712987174,22086
424140827,-712987382,22665
424140783,-712987530,22627
424140759,-712987598,22629
424140717,-712987621,22570
424140595,-712987695,22997
424140523,-712987729,22350
424140474,-712987793,21866
424140401,-712987864,21676
424140282,-712987940,21772
424140134,-712988002,22732
424140012,-712988049,22112
424139915,-712988021,22244
424139940,-712988074,20987
424139898,-712988079,21593
424139835,-712988077,21756
424139798,-712988086,22040
424139697,-712988141,22119
424139627,-712988233,21407
424139625,-712988321,21410
424139477,-712988548,21606
424139376,-712988563,21872
424139310,-712988617,22045
424139227,-712988726,22401
424139147,-712988850,22299
424139075,-712988954,22236
424139026,-712989086,21502
424138907,-712989162,22355
424138811,-712989215,23170
424138729,-712989278,23004
424138648,-712989332,23023
424138597,-712989442,23764
424138492,-712989529,24020
424138451,-712989638,23535
424138389,-712989709,23639
424138295,-712989814,23690
424138217,-712989876,23745
424138170,-712989954,22938
424138093,-712990012,22342
424138067,-712990093,20863
424138029,-712990086,21145
424138013,-712990084,21000
424138002,-712990089,20784
424137947,-712990096,20703
424137875,-712990155,19885
424137812,-712990207,19364
424137722,-712990293,19814
424137664,-712990365,19385
424137567,-712990435,19849
424137356,-712990547,20080
424137252,-712990695,20116
424137161,-712990752,20996
424137097,-712990826,20620
424136960,-712990902,21124
424136827,-712990966,21103
424136735,-712990995,21192
424136622,-712990978,21956
424136523,-712991052,21459
424136401,-712991089,21857
424136333,-712991139,22255
424136266,-712991290,21349
424136204,-712991453,20773
424136145,-712991565,20693
424136101,-712991642,20266
424136036,-712991754,20145
424135938,-712991883,19681
424135868,-712991996,19262
424135791,-712992030,19862
424135613,-712992096,20367
424135473,-712992152,21005
424135401,-712992200,20986
424135374,-712992285,20499
424135283,-712992375,20463
424135161,-712992447,20274
424135091,-712992464,20135
424135037,-712992499,20727
424134983,-712992610,20170
424134911,-712992726,19573
424134804,-712992763,19701
424134686,-712992857,20312
424134557,-712992829,21896
424134474,-712992838,22464
424134422,-712992839,22416
424134374,-712992802,22494
424134335,-712992758,22910
424134321,-712992725,23020
424134260,-712992726,22825
424134176,-712992692,22797
424134092,-712992675,22983
424134070,-712992703,22838
424134067,-712992725,22758
424134051,-712992747,22570
424134040,-712992761,23298
424133961,-712992808,23489
424133856,-712992865,23211
424133740,-712992965,23241
424133678,-712993060,23300
424133584,-712993058,23680
424133487,-712993153,23784
424133414,-712993286,23538
424133352,-712993350,23153
424133296,-712993407,22770
424133186,-712993477,23004
424133092,-712993498,23784
424133007,-712993507,23512
424132961,-712993595,23329
424132917,-712993672,22791
424132870,-712993718,22284
424132802,-712993805,22295
424132587,-712993883,21940
424132513,-712993949,23323
424132453,-712993969,23038
424132373,-712994036,22611
424132290,-712994048,22679
424132178,-712994090,23230
424132079,-712994207,23178
424131974,-712994223,23579
424131878,-712994124,23962
424131756,-712994183,24304
424131671,-712994252,23153
424131571,-712994276,23597
424131466,-712994361,22945
424131347,-712994444,23480
424131233,-712994461,23319
424131135,-712994475,23587
424131057,-712994534,24253
424130920,-712994588,25139
424130857,-712994680,25065
424130826,-712994757,25287
424130765,-712994899,24394
424130624,-712994944,24013
424130536,-712995026,24205
424130464,-712995118,24134
424130391,-712995165,23572
424130271,-712995213,23910
424130160,-712995238,24564
424130098,-712995390,24029
424129972,-712995423,24594
424129875,-712995465,25069
424129855,-712995790,22837
424129753,-712995929,22882
424129659,-712995992,22910
424129577,-712996058,22661
424129452,-712996155,22633
424129340,-712996201,22442
424129234,-712996246,22596
424129135,-712996253,23107
424129025,-712996220,23694
424128941,-712996276,23521
424128805,-712996240,25414
424128667,-712996253,26115
424128545,-712996309,25860
424128408,-712996312,26653
424128310,-712996311,27668
424128199,-712996373,27601
424128048,-712996408,26889
424127943,-712996467,26145
424127903,-712996547,25837
424127787,-712996602,25565
424127669,-712996663,25442
424127532,-712996646,25756
424127410,-712996700,25841
424127325,-712996775,26254
424127200,-712996793,26401
424127147,-712996891,25736
424127068,-712996945,24890
424126989,-712997027,23613
424126888,-712997040,23035
424126720,-712997041,21950
424126586,-712997043,20922
424126488,-712997104,19963
424126365,-712997166,19588
424126299,-712997201,19120
424126175,-712997193,18948
424126089,-712997181,18875
424125934,-712997123,19981
424125770,-712997119,20055
424125650,-712997155,19635
424125590,-712997188,19310
424125530,-712997239,18849
424125377,-712997231,18547
424125286,-712997237,17981
424125209,-712997290,17662
424125094,-712997302,17444
424124974,-712997294,17805
424124895,-712997236,17314
424124842,-712997157,18422
424124749,-712997043,17880
424124662,-712996975,18066
424124618,-712996923,19540
424124561,-712996827,19412
424124544,-712996796,19556
424124476,-712996663,20351
424124450,-712996586,19972
424124401,-712996480,19441
424124326,-712996332,19742
424124290,-712996223,19828
424124189,-712996100,19831
424124074,-712995921,20750
424124001,-712995828,21174
424123950,-712995771,20814
424123839,-712995655,20563
424123802,-712995586,20232
424123729,-712995478,20535
424123627,-712995283,19751
424123505,-712995103,19842
424123458,-712995013,19518
424123399,-712994901,19277
424123353,-712994829,18946
424123284,-712994685,19314
424123190,-712994527,20206
424123133,-712994430,20233
424123059,-712994283,20319
424122937,-712994065,21281
424122817,-712993847,22419
424122759,-712993753,22120
424122671,-712993591,22290
424122590,-712993461,22022
424122512,-712993326,22181
424122445,-712993231,22165
424122360,-712993085,21823
424122306,-712993005,21245
424122202,-712992835,22308
424122134,-712992709,22413
424122029,-712992553,22250
424121936,-712992405,22534
424121928,-712992408,21792
424121782,-712992261,22088
424121702,-712992153,22592
424121664,-712992085,22755
424121569,-712991986,24119
424121507,-712991898,24647
424121429,-712991782,25212
424121353,-712991656,25573
424121271,-712991560,26325
424121165,-712991424,26816
424121087,-712991318,27615
424121054,-712991249,27573
424121012,-712991206,27269
424120912,-712991099,27148
424120802,-712990981,27395
424120744,-712990948,27648
424120724,-712990956,27837
424120779,-712990985,27584
424120868,-712991081,26652
424121000,-712991264,26323
424121058,-712991358,26950
424121078,-712991375,27675
424121168,-712991469,26234
424121259,-712991577,25855
424121305,-712991636,25815
424121345,-712991709,25712
424121406,-712991874,26390
424121470,-712992063,25172
424121499,-712992171,25791
424121544,-712992287,25872
424121741,-712992504,25844
424121812,-712992593,24276
424121886,-712992648,23820
424121934,-712992742,23796
424122033,-712992827,22159
424122120,-712992922,22086
424122199,-712992996,21580
424122213,-712993021,21988
424122282,-712993089,21529
424122386,-712993201,22333
424122474,-712993359,22098
424122522,-712993444,22018
424122567,-712993539,22328
424122702,-712993693,21411
424122797,-712993820,21429
424122887,-712993904,21214
424122928,-712993999,21088
424123036,-712994151,19744
424123135,-712994310,18979
424123174,-712994295,18918
424123217,-712994361,18920
424123239,-712994434,19464
424123309,-712994557,18757
424123398,-712994720,18666
424123425,-712994825,17295
424123432,-712994947,18449
424123505,-712995040,18608
424123558,-712995129,19695
424123640,-712995295,19405
424123776,-712995631,19372
424123880,-712995820,19861
424123988,-712995979,19367
424124049,-712996102,19121
424124116,-712996217,19203
424124214,-712996365,18688
424124302,-712996479,18535
424124350,-712996586,18193
424124410,-712996702,18232
424124531,-712996856,17789
424124652,-712996966,17468
424124743,-712997021,16960
424124796,-712997071,17367
424124945,-712997168,16652
424125066,-712997227,16387
424125129,-712997221,16721
424125218,-712997192,17762
424125364,-712997186,16908
424125418,-712997068,16972
424125393,-712996926,17542
424125324,-712996785,18114
424125255,-712996608,18046
424125252,-712996504,18042
424125211,-712996395,18028
424125079,-712996228,18708
424125017,-712996158,18693
424124989,-712996080,18956
424124983,-712996022,18924
424124875,-712995809,19607
424124826,-712995701,19598
424124748,-712995486,18679
424124668,-712995367,18603
424124663,-712995304,18517
424124681,-712995254,17437
424124636,-712995115,17266
424124637,-712995070,17276
424124553,-712994893,17386
424124508,-712994742,17917
424124478,-712994571,19967
424124466,-712994409,20089
424124373,-712994118,19677
424124329,-712993937,19818
424124316,-712993839,20165
424124288,-712993780,20018
424124147,-712993647,20870
424124096,-712993525,21100
424124036,-712993371,21376
424123976,-712993239,21039
424123837,-712993057,20390
424123779,-712992953,20102
424123765,-712992848,20648
424123721,-712992785,20738
424123665,-712992670,20706
424123662,-712992635,20614
424123604,-712992583,20736
424123526,-712992447,20428
424123438,-712992310,20620
424123386,-712992208,21142
424123331,-712992150,21096
424123307,-712992048,20489
424123269,-712991958,20101
424123190,-712991821,20518
424123133,-712991722,20511
424123031,-712991596,20965
424122930,-712991458,21442
424122895,-712991377,20889
424122883,-712991338,20946
424122841,-712991297,20736
424122731,-712991068,21435
424122659,-712990923,21435
424122609,-712990867,21852
424122522,-712990758,22212
424122425,-712990623,22224
424122402,-712990611,22073
424122335,-712990530,22014
424122192,-712990360,22224
424122147,-712990279,21827
424122121,-712990217,21648
424122064,-712990104,21478
424121971,-712989992,21414
424121923,-712989892,21924
424121882,-712989828,21481
424121841,-712989733,21568
424121789,-712989634,21850
424121726,-712989583,22422
424121653,-712989520,22542
424121556,-712989410,22393
424121481,-712989322,22338
424121416,-712989240,22337
424121372,-712989199,21806
424121274,-712989107,21286
424121245,-712989104,21753
424121242,-712989107,21530
424121224,-712989110,21436
424121146,-712988980,22499
424121116,-712988869,22206
424121037,-712988767,22405
424120933,-712988663,22822
424120809,-712988573,22548
424120721,-712988519,22574
424120633,-712988421,22327
424120550,-712988352,22851
424120536,-712988412,23092
424120498,-712988363,23668
424120404,-712988258,23024
424120326,-712988189,24445
424120226,-712988061,24671
424120156,-712988015,25153
424120078,-712987843,25299
424120028,-712987743,25245
424119904,-712987632,27219
424119849,-712987559,27391
424119821,-712987470,27007
424119799,-712987402,27746
424119748,-712987281,27635
424119646,-712987197,29670
424119566,-712987120,29818
424119439,-712986940,30741
424119431,-712986975,30599
424119339,-712986871,31128
424119200,-712986594,31672
424119148,-712986518,31406
424119064,-712986363,30893
424119012,-712986240,29347
424118960,-712986145,29328
424118905,-712986044,29576
424118930,-712986083,29217
424118804,-712985857,29704
424118740,-712985689,30046
424118730,-712985587,30201
424118713,-712985493,30693
424118700,-712985331,31120
424118739,-712985243,30334
424118669,-712985111,30358
424118663,-712985032,29394
424118644,-712984948,29410
424118676,-712984910,29110
424118734,-712984851,27521
424118830,-712984769,24789
424118918,-712984672,24670
424118987,-712984617,24342
424119069,-712984498,24845
424119079,-712984304,25200
424119139,-712984266,25092
424119151,-712984116,24905
424119130,-712983855,25645
424119134,-712983678,26355
424119151,-712983626,26495
424119068,-712983339,26764
424119085,-712983243,26926
424119076,-712983213,26327
424118989,-712983025,25721
424118957,-712982860,26121
424118963,-712982789,25745
424118860,-712982678,25761
424118837,-712982602,25673
424118812,-712982493,25960
424118722,-712982340,25750
424118678,-712982269,26298
424118611,-712982161,26917
424118528,-712982030,27015
424118477,-712981955,27384
424118458,-712981867,27802
424118387,-712981772,28095
424118317,-712981651,27834
424118313,-712981548,27864
424118247,-712981460,28659
424118170,-712981341,28924
424118148,-712981244,29173
424118087,-712981021,28954
424118079,-712980926,28656
424118090,-712980824,28403
424118028,-712980707,28821
424117943,-712980567,28957
424117908,-712980521,28947
424117799,-712980386,28868
424117706,-712980209,28563
424117666,-712980129,28677
424117572,-712979893,30007
424117559,-712979742,29972
424117563,-712979663,29759
424117538,-712979540,29312
424117514,-712979383,29194
424117464,-712979241,29065
424117364,-712979077,30755
424117373,-712978997,29919
424117413,-712978897,29219
424117425,-712978830,28575
424117471,-712978724,29081
424117561,-712978586,29311
424117605,-712978506,28010
424117613,-712978421,27655
424117654,-712978328,26476
424117678,-712978163,26730
424117750,-712978109,26890
424117859,-712978096,26413
424117963,-712978155,26558
424118012,-712978215,26772
424118027,-712978178,26575
424118012,-712977998,27100
424118057,-712977949,26660
424118126,-712977937,26040
424118227,-712977952,25484
424118230,-712977903,25192
424118209,-712977814,24647
424118164,-712977724,24288
424118117,-712977642,24306
